time_s,body_x_m,o1,o2,support_legs
0.050000,0.000000,-0.169222,0.920181,3.000000
0.100000,0.058181,0.515258,0.857153,3.000000
0.150000,0.088953,0.877287,0.554429,3.000000
0.200000,0.088953,0.914715,-0.056585,3.000000
0.250000,0.099141,0.794860,-0.688334,3.000000
0.300000,0.134332,0.380843,-0.909630,3.000000
0.350000,0.191383,-0.290341,-0.895433,3.000000
0.400000,0.235284,-0.806817,-0.697616,3.000000
0.450000,0.244913,-0.920103,-0.178377,3.000000
0.500000,0.244913,-0.859171,0.506836,3.000000
0.550000,0.270252,-0.561064,0.875264,3.000000
0.600000,0.321910,0.046683,0.915223,3.000000
0.650000,0.375917,0.682059,0.798156,3.000000
0.700000,0.395188,0.908767,0.388846,3.000000
0.750000,0.395188,0.896559,-0.280570,3.000000
0.800000,0.411679,0.702546,-0.802892,3.000000
0.850000,0.455459,0.187489,-0.919998,3.000000
0.900000,0.513754,-0.498338,-0.861145,3.000000
0.950000,0.545615,-0.873178,-0.567635,3.000000
1.000000,0.545615,-0.915706,0.036800,3.000000
1.050000,0.555332,-0.801388,0.675683,3.000000
1.100000,0.589722,-0.396797,0.907865,3.000000
1.150000,0.646466,0.270769,0.897655,3.000000
1.200000,0.691355,0.798874,0.707404,3.000000
1.250000,0.701639,0.919866,0.196560,3.000000
1.300000,0.701639,0.863075,-0.489765,3.000000
1.350000,0.726198,0.574140,-0.871028,3.000000
1.400000,0.777290,-0.026936,-0.916164,3.000000
1.450000,0.831883,-0.669206,-0.804557,3.000000
1.500000,0.852089,-0.906923,-0.404695,3.000000
1.550000,0.852089,-0.898722,0.260940,3.000000
1.600000,0.867944,-0.712190,0.794763,3.000000
1.650000,0.911005,-0.205587,0.919706,3.000000
1.700000,0.969375,0.481120,0.864963,3.000000
1.750000,1.002329,0.868814,0.580579,3.000000
1.800000,1.002329,0.916599,-0.017093,3.000000
1.850000,1.011589,0.807665,-0.662630,3.000000
1.900000,1.045174,0.412540,-0.905940,3.000000
1.950000,1.101583,-0.251087,-0.899761,3.000000
2.000000,1.147437,-0.790556,-0.716904,3.000000
2.050000,1.158399,-0.919519,-0.214571,3.000000
2.100000,1.158399,-0.866809,0.472404,3.000000
2.150000,1.182187,-0.586952,0.866533,3.000000
2.200000,1.232696,0.007273,0.917010,3.000000
2.250000,1.287834,0.655954,0.810711,3.000000
2.300000,1.308996,0.904916,0.420331,3.000000
2.350000,1.308996,0.900771,-0.241211,3.000000
2.400000,1.324230,0.721545,-0.786253,3.000000
2.450000,1.366563,0.223510,-0.919303,3.000000
2.500000,1.424969,-0.463617,-0.868614,3.000000
2.550000,1.459017,-0.864185,-0.593259,3.000000
2.600000,1.463540,-0.917396,-0.002523,3.000000
2.650000,1.463540,-0.813698,0.649179,3.000000
2.700000,1.496319,-0.428069,0.903849,3.000000
2.750000,1.552366,0.231314,0.901754,3.000000
2.800000,1.599162,0.781853,0.726115,3.000000
2.850000,1.610824,0.919058,0.232406,3.000000
2.900000,1.610824,0.870378,-0.454763,3.000000
2.950000,1.633849,0.599498,-0.861769,3.000000
3.000000,1.683762,0.012293,-0.917758,3.000000
3.050000,1.739402,-0.642306,-0.816624,3.000000
3.100000,1.761539,-0.902739,-0.435751,3.000000
3.150000,1.761539,-0.902708,0.221399,3.000000
3.200000,1.776167,-0.730612,0.777356,3.000000
3.250000,1.817763,-0.241257,0.918785,3.000000
3.300000,1.876166,0.445843,0.872103,3.000000
3.350000,1.911309,0.859282,0.605669,3.000000
3.400000,1.916308,0.918097,0.022036,3.000000
3.450000,1.916308,0.819493,-0.635336,3.000000
3.500000,1.948277,0.443378,-0.901586,3.000000
3.550000,2.003939,-0.211467,-0.903636,3.000000
3.600000,2.051649,-0.772760,-0.735038,3.000000
3.650000,2.064036,-0.918482,-0.250063,3.000000
3.700000,2.064036,-0.873788,0.436859,3.000000
3.750000,2.086307,-0.611773,0.856724,3.000000
3.800000,2.135609,-0.031751,0.918411,3.000000
3.850000,2.191710,0.628270,0.822303,3.000000
3.900000,2.214840,0.900387,0.450950,3.000000
3.950000,2.214840,0.904536,-0.201521,3.000000
4.000000,2.228878,0.739392,-0.768065,3.000000
4.050000,2.269726,0.258823,-0.918149,3.000000
4.100000,2.328090,-0.427811,-0.875435,3.000000
4.150000,2.364324,-0.854094,-0.617807,3.000000
4.200000,2.369816,-0.918700,-0.041437,3.000000
4.250000,2.369816,-0.825056,0.621108,3.000000
4.300000,2.400976,-0.458466,0.899143,3.000000
4.350000,2.456228,0.191563,0.905409,3.000000
4.400000,2.504823,0.763271,0.743675,3.000000
4.450000,2.517957,0.917786,0.267538,3.000000
4.500000,2.517957,0.877045,-0.418703,3.000000
4.550000,2.539485,0.623773,-0.851389,3.000000
4.600000,2.588163,0.051093,-0.918966,3.000000
4.650000,2.644683,-0.613851,-0.827753,3.000000
4.700000,2.668823,-0.897852,-0.465924,3.000000
4.750000,2.668823,-0.906256,0.181596,3.000000
4.800000,2.682285,-0.747887,0.758376,3.000000
4.850000,2.722378,-0.276206,0.917392,3.000000
4.900000,2.780666,0.409536,0.878617,3.000000
4.950000,2.817987,0.848610,0.629670,3.000000
5.000000,2.823988,0.919207,0.060717,3.000000
5.050000,2.823988,0.830395,-0.606501,3.000000
5.100000,2.854339,0.473326,-0.896513,3.000000
5.150000,2.909159,-0.171620,-0.907077,3.000000
5.200000,2.958609,-0.753381,-0.752029,3.000000
5.250000,2.972513,-0.916967,-0.284827,3.000000
5.300000,2.972513,-0.880153,0.400312,3.000000
5.350000,2.993309,-0.635497,0.845753,3.000000
5.400000,3.041350,-0.070308,0.919424,3.000000
5.450000,3.098246,0.599058,0.832982,3.000000
5.500000,3.123412,0.895126,0.480669,3.000000
5.550000,3.123412,0.907871,-0.161639,3.000000
5.600000,3.136313,0.756100,-0.748284,3.000000
5.650000,3.175642,0.293402,-0.916510,3.000000
5.700000,3.233819,-0.391032,-0.881653,3.000000
5.750000,3.272221,-0.842819,-0.641253,3.000000
5.800000,3.278748,-0.919616,-0.079866,3.000000
5.850000,3.278748,-0.835515,0.591524,3.000000
5.900000,3.308291,-0.487954,0.893690,3.000000
5.950000,3.362658,0.151655,0.908640,3.000000
6.000000,3.412930,0.743086,0.760101,3.000000
6.050000,3.427629,0.916021,0.301929,3.000000
6.100000,3.427629,0.883118,-0.381700,3.000000
6.150000,3.447704,0.646940,-0.839806,3.000000
6.200000,3.495096,0.089389,-0.919783,3.000000
6.250000,3.552326,-0.583899,-0.837996,3.000000
6.300000,3.578531,-0.892203,-0.495180,3.000000
6.350000,3.578531,-0.909383,0.141669,3.000000
6.400000,3.590886,-0.764032,0.737785,3.000000
6.450000,3.629444,-0.310408,0.915500,3.000000
6.500000,3.687476,0.372315,0.884548,3.000000
6.550000,3.726949,0.836712,0.652555,3.000000
6.600000,3.734023,0.919926,0.098877,3.000000
6.650000,3.734023,0.840424,-0.576186,3.000000
6.700000,3.762759,0.502347,-0.890664,3.000000
6.750000,3.816652,-0.131684,-0.910101,3.000000
6.800000,3.867711,-0.732383,-0.767895,3.000000
6.850000,3.883229,-0.914945,-0.318839,3.000000
6.900000,3.883229,-0.885945,0.362882,3.000000
6.950000,3.902596,-0.658100,0.833536,3.000000
7.000000,3.949326,-0.108328,0.920043,3.000000
7.050000,4.006847,0.568384,0.842802,3.000000
7.100000,4.034105,0.889073,0.509453,3.000000
7.150000,4.034105,0.910794,-0.121702,3.000000
7.200000,4.045929,0.771689,-0.726878,3.000000
7.250000,4.083709,0.327222,-0.914356,3.000000
7.300000,4.141562,-0.353401,-0.887307,3.000000
7.350000,4.182097,-0.830277,-0.663573,3.000000
7.400000,4.189734,-0.920135,-0.117743,3.000000
7.450000,4.189734,-0.845129,0.560495,3.000000
7.500000,4.217668,-0.516499,0.887428,3.000000
7.550000,4.271067,0.111724,0.911462,3.000000
7.600000,4.322878,0.721271,0.775415,3.000000
7.650000,4.339238,0.913733,0.335555,3.000000
7.700000,4.339238,0.888637,-0.343875,3.000000
7.750000,4.357909,0.668976,-0.826934,3.000000
7.800000,4.403967,0.127119,-0.920202,3.000000
7.850000,4.461736,-0.552522,-0.847406,3.000000
7.900000,4.490059,-0.885728,-0.523483,3.000000
7.950000,4.490059,-0.912105,0.101752,3.000000
8.000000,4.501366,-0.779073,0.715562,3.000000
8.050000,4.538361,-0.343840,0.913076,3.000000
8.100000,4.596004,0.334305,0.889934,3.000000
8.150000,4.637586,0.823505,0.674306,3.000000
8.200000,4.645808,0.920244,0.136457,3.000000
8.250000,4.645808,0.849635,-0.544464,3.000000
8.300000,4.672943,0.530406,-0.883973,3.000000
8.350000,4.725829,-0.091790,-0.912723,3.000000
8.400000,4.778356,-0.709749,-0.782665,3.000000
8.450000,4.795580,-0.912382,-0.352074,3.000000
8.500000,4.795580,-0.891200,0.324694,3.000000
8.550000,4.813569,-0.679564,0.819990,3.000000
8.600000,4.858943,-0.145756,0.920259,3.000000
8.650000,4.916919,0.536323,0.851816,3.000000
8.700000,4.946315,0.882161,0.537266,3.000000
8.750000,4.946315,0.913316,-0.081837,3.000000
8.800000,4.957121,0.786190,-0.703835,3.000000
8.850000,4.993325,0.360258,-0.911653,3.000000
8.900000,5.050726,-0.315044,-0.892434,3.000000
8.950000,5.093340,-0.816386,-0.684751,3.000000
9.000000,5.102169,-0.920249,-0.155015,3.000000
9.050000,5.102169,-0.853950,0.528101,3.000000
9.100000,5.128509,-0.544064,0.880290,3.000000
9.150000,5.180865,0.071897,0.913885,3.000000
9.200000,5.234069,0.697819,0.789649,3.000000
9.250000,5.252180,0.910887,0.368392,3.000000
9.300000,5.252180,0.893636,-0.305357,3.000000
9.350000,5.269500,0.689865,-0.812693,3.000000
9.400000,5.314179,0.164233,-0.920212,3.000000
9.450000,5.372322,-0.519800,-0.856038,3.000000
9.500000,5.402799,-0.878361,-0.550798,3.000000
9.550000,5.402799,-0.914430,0.061970,3.000000
9.600000,5.413117,-0.793044,0.691700,3.000000
9.650000,5.448526,-0.376475,0.910083,3.000000
9.700000,5.505655,0.295635,0.894809,3.000000
9.750000,5.549283,0.808910,0.694907,3.000000
9.800000,5.558739,0.920149,0.173410,3.000000
9.850000,5.558739,0.858080,-0.511420,3.000000
9.900000,5.584291,0.557468,-0.876370,3.000000
9.950000,5.636100,-0.052059,-0.914950,3.000000
10.000000,5.689941,-0.685480,-0.796374,3.000000
10.050000,5.708961,-0.909241,-0.384506,3.000000
10.100000,5.708961,-0.895951,0.285881,3.000000
10.150000,5.725627,-0.699877,0.805035,3.000000
10.200000,5.769600,-0.182545,0.920058,3.000000
10.250000,5.827868,0.502963,0.860078,3.000000
10.300000,5.859434,0.874318,0.564074,3.000000
10.350000,5.859434,0.915446,-0.042165,3.000000
10.400000,5.869277,0.799640,-0.679159,3.000000
10.450000,5.903885,0.392485,-0.908360,3.000000
10.500000,5.960715,-0.276095,-0.897063,3.000000
10.550000,6.005337,-0.801068,-0.704775,3.000000
10.600000,6.015442,-0.919941,-0.191639,3.000000
10.650000,6.015442,-0.862032,0.494431,3.000000
10.700000,6.040212,-0.570615,0.872204,3.000000
10.750000,6.091459,0.032291,0.915918,3.000000
10.800000,6.145897,0.672737,0.802843,3.000000
10.850000,6.165847,0.907440,0.400412,3.000000
10.900000,6.165847,0.898146,-0.266282,3.000000
10.950000,6.181873,0.709600,-0.797008,3.000000
11.000000,6.225131,0.200689,-0.919796,3.000000
11.050000,6.283484,-0.485825,-0.863943,3.000000
11.100000,6.316141,-0.870025,-0.577090,3.000000
11.150000,6.316141,-0.916366,0.022436,3.000000
11.200000,6.325524,-0.805985,0.666214,3.000000
11.250000,6.359328,-0.408286,0.906479,3.000000
11.300000,6.415830,0.256442,0.899201,3.000000
11.350000,6.461425,0.792852,0.714353,3.000000
11.400000,6.472200,0.919624,0.209697,3.000000
11.450000,6.472200,0.865812,-0.477147,3.000000
11.500000,6.496197,0.583499,-0.867780,3.000000
11.550000,6.546866,-0.012604,-0.916790,3.000000
11.600000,6.601860,-0.659592,-0.809064,3.000000
11.650000,6.622760,-0.905478,-0.416106,3.000000
11.700000,6.622760,-0.900226,0.246578,3.000000
11.750000,6.638161,-0.719033,0.788602,3.000000
11.800000,6.680693,-0.218660,0.919424,3.000000
11.850000,6.739093,0.468398,0.867639,3.000000
11.900000,6.772844,0.865469,0.589842,3.000000
11.950000,6.772844,0.917189,-0.002795,3.000000
12.000000,6.781778,0.812083,-0.652871,3.000000
12.050000,6.814776,0.423873,-0.904434,3.000000
12.100000,6.870924,-0.236692,-0.901224,3.000000
12.150000,6.917467,-0.784255,-0.723642,3.000000
12.200000,6.928937,-0.919195,-0.227580,3.000000
12.250000,6.928937,-0.869425,0.459581,3.000000
12.300000,6.952168,-0.596118,0.863090,3.000000
12.350000,7.002244,-0.006990,0.917565,3.000000
12.400000,7.057752,0.646051,0.815042,3.000000
12.450000,7.079622,0.903348,0.431585,3.000000
12.500000,7.079622,0.902193,-0.226786,3.000000
12.550000,7.094414,0.728178,-0.779810,3.000000
12.600000,7.136210,0.236455,-0.918937,3.000000
12.650000,7.194618,-0.450696,-0.871171,3.000000
12.700000,7.229463,-0.860641,-0.602326,3.000000
12.750000,7.234332,-0.917916,-0.016748,3.000000
12.800000,7.234332,-0.817942,0.639134,3.000000
12.850000,7.266521,-0.439243,0.902218,3.000000
12.900000,7.322290,0.216863,0.903135,3.000000
12.950000,7.369755,0.775268,0.732643,3.000000
13.000000,7.381942,0.918650,0.245286,3.000000
13.050000,7.381942,0.872877,-0.441746,3.000000
13.100000,7.404417,0.608466,-0.858122,3.000000
13.150000,7.453886,0.026478,-0.918243,3.000000
13.200000,7.509867,-0.632119,-0.820784,3.000000
13.250000,7.532725,-0.901044,-0.446845,3.000000
13.300000,7.532725,-0.904050,0.206924,3.000000
13.350000,7.546921,-0.737036,0.770627,3.000000
13.400000,7.587973,-0.254071,0.918333,3.000000
13.450000,7.646352,0.432733,0.874545,3.000000
13.500000,7.682290,0.855532,0.614538,3.000000
13.550000,7.687646,0.918546,0.036180,3.000000
13.600000,7.687646,0.823568,-0.625009,3.000000
13.650000,7.719026,0.454391,-0.899824,3.000000
13.700000,7.774392,-0.196973,-0.904938,3.000000
13.750000,7.822750,-0.765887,-0.741358,3.000000
13.800000,7.835678,-0.917987,-0.262810,3.000000
13.850000,7.835678,-0.876175,0.423658,3.000000
13.900000,7.857407,-0.620542,0.852867,3.000000
13.950000,7.906255,-0.045853,0.918825,3.000000
14.000000,7.962666,0.617804,0.826295,3.000000
14.050000,7.986530,0.898559,0.461880,3.000000
14.100000,7.986530,0.905799,-0.187010,3.000000
14.150000,8.000147,0.745608,-0.761047,3.000000
14.200000,8.040446,0.271504,-0.917609,3.000000
14.250000,8.098758,-0.414522,-0.877768,3.000000
14.300000,8.135784,-0.850129,-0.626476,3.000000
14.350000,8.141645,-0.919079,-0.055494,3.000000
14.400000,8.141645,-0.828967,0.610504,3.000000
14.450000,8.172216,-0.469313,0.897246,3.000000
14.500000,8.227156,0.177039,0.906634,3.000000
14.550000,8.276376,0.756106,0.749788,3.000000
14.600000,8.290069,0.917201,0.280151,3.000000
14.650000,8.290069,0.879323,-0.405329,3.000000
14.700000,8.311063,0.632340,-0.847314,3.000000
14.750000,8.359278,0.065103,-0.919309,3.000000
14.800000,8.416076,-0.603112,-0.831583,3.000000
14.850000,8.440962,-0.895886,-0.476688,3.000000
14.900000,8.440962,-0.907443,0.167061,3.000000
14.950000,8.454014,-0.753897,0.751065,3.000000
15.000000,8.493551,-0.288751,0.916762,3.000000
15.050000,8.551762,0.396079,0.880843,3.000000
15.100000,8.589871,0.844423,0.638135,3.000000
15.150000,8.596254,0.919515,0.074679,3.000000
15.200000,8.596254,0.834146,-0.595627,3.000000
15.250000,8.626016,0.484005,-0.894476,3.000000
15.300000,8.680508,-0.157078,-0.908226,3.000000
15.350000,8.730559,-0.745922,-0.757936,3.000000
15.400000,8.745041,-0.916291,-0.297304,3.000000
15.450000,8.745041,-0.882327,0.386775,3.000000
15.500000,8.765310,-0.643860,0.841452,3.000000
15.550000,8.812880,-0.084221,0.919695,3.000000
15.600000,8.870023,0.588052,0.836655,3.000000
15.650000,8.895945,0.893017,0.491263,3.000000
15.700000,8.895945,0.908983,-0.147093,3.000000
15.750000,8.908446,0.761905,-0.740677,3.000000
15.800000,8.947215,0.305809,-0.915787,3.000000
15.850000,9.005289,-0.377419,-0.883776,3.000000
15.900000,9.044473,-0.838402,-0.649514,3.000000
15.950000,9.051396,-0.919851,-0.093728,3.000000
16.000000,9.051396,-0.839112,0.580386,3.000000
16.050000,9.080351,-0.498462,0.891506,3.000000
16.100000,9.134374,0.137107,0.909715,3.000000
16.150000,9.185223,0.735330,0.765805,3.000000
16.200000,9.200517,0.915250,0.314266,3.000000
16.250000,9.200517,0.885190,-0.368012,3.000000
16.300000,9.220074,0.655097,-0.835271,3.000000
16.350000,9.266986,0.103200,-0.919982,3.000000
16.400000,9.324431,-0.572632,-0.841517,3.000000
16.450000,9.351403,-0.889944,-0.505601,3.000000
16.500000,9.351403,-0.910421,0.127123,3.000000
16.550000,9.363370,-0.769637,0.729881,3.000000
16.600000,9.401361,-0.322675,0.914680,3.000000
16.650000,9.459266,0.358556,0.886571,3.000000
16.700000,9.499514,0.832058,0.660610,3.000000
16.750000,9.506996,0.920088,0.112634,3.000000
16.800000,9.506996,0.843871,-0.564791,3.000000
16.850000,9.535147,0.512680,-0.888328,3.000000
16.900000,9.588682,-0.117142,-0.911102,3.000000
16.950000,9.640293,-0.724329,-0.773399,3.000000
17.000000,9.656422,-0.914076,-0.331035,3.000000
17.050000,9.656422,-0.887919,0.349054,3.000000
17.100000,9.675281,-0.666050,0.828761,3.000000
17.150000,9.721522,-0.122031,0.920169,3.000000
17.200000,9.779228,0.556863,0.846175,3.000000
17.250000,9.807261,0.886658,0.519697,3.000000
17.300000,9.807261,0.911759,-0.107167,3.000000
17.350000,9.818707,0.777094,-0.718675,3.000000
17.400000,9.855916,0.339346,-0.913437,3.000000
17.450000,9.913618,-0.339508,-0.889234,3.000000
17.500000,9.954917,-0.825378,-0.671420,3.000000
17.550000,9.962979,-0.920224,-0.131390,3.000000
17.600000,9.962979,-0.848430,0.548851,3.000000
17.650000,9.990330,-0.526654,0.884933,3.000000
17.700000,10.043358,0.097200,0.912390,3.000000
17.750000,10.095694,0.712919,0.780722,3.000000
17.800000,10.112681,0.912763,0.347608,3.000000
17.850000,10.112681,0.890516,-0.329919,3.000000
17.900000,10.130854,0.676717,-0.821910,3.000000
17.950000,10.176414,0.140710,-0.920254,3.000000
18.000000,10.234339,-0.540755,-0.850637,3.000000
18.050000,10.263443,-0.883152,-0.533548,3.000000
18.100000,10.263443,-0.912997,0.087241,3.000000
18.150000,10.274383,-0.784283,0.707060,3.000000
18.200000,10.310803,-0.355820,0.912054,3.000000
18.250000,10.368272,0.320290,0.891767,3.000000
18.300000,10.410607,0.818354,0.681943,3.000000
18.350000,10.419269,0.920258,0.149991,3.000000
18.400000,10.419269,0.852797,-0.532577,3.000000
18.450000,10.445825,0.540380,-0.881314,3.000000
18.500000,10.498327,-0.077294,-0.913579,3.000000
18.550000,10.551350,-0.701099,-0.787778,3.000000
18.600000,10.569218,-0.911307,-0.363981,3.000000
18.650000,10.569218,-0.892987,0.310623,3.000000
18.700000,10.586719,-0.687096,0.814710,3.000000
18.750000,10.631587,-0.159231,0.920235,3.000000
18.800000,10.689689,0.524318,0.854910,3.000000
18.850000,10.719872,0.879416,0.547149,3.000000
18.900000,10.719872,0.914137,-0.067360,3.000000
18.950000,10.730321,0.791208,-0.695036,3.000000
19.000000,10.765946,0.372091,-0.910524,3.000000
19.050000,10.823152,-0.300920,-0.894176,3.000000
19.100000,10.866507,-0.810976,-0.692178,3.000000
19.150000,10.875790,-0.920186,-0.168431,3.000000
19.200000,10.875790,-0.856977,0.515981,3.000000
19.250000,10.901555,-0.553854,0.877459,3.000000
19.300000,10.953515,0.057440,0.914671,3.000000
19.350000,11.007187,0.688871,0.794573,3.000000
19.400000,11.025958,0.909703,0.380150,3.000000
19.450000,11.025958,0.895334,-0.291183,3.000000
19.500000,11.042800,0.697187,-0.807151,3.000000
19.550000,11.086966,0.177589,-0.920111,3.000000
19.600000,11.145204,-0.507565,-0.858999,3.000000
19.650000,11.176473,-0.875441,-0.560494,3.000000
19.700000,11.176473,-0.915180,0.047537,3.000000
19.750000,11.186444,-0.797874,0.682605,3.000000
19.800000,11.221270,-0.388158,0.908843,3.000000
19.850000,11.278184,0.281414,0.896463,3.000000
19.900000,11.322539,0.803235,0.702124,3.000000
19.950000,11.332464,0.920008,0.186705,3.000000
20.000000,11.332464,0.860976,-0.499074,3.000000
20.050000,11.357446,0.567070,-0.873360,3.000000
20.100000,11.408848,-0.037651,-0.915665,3.000000
20.150000,11.463128,-0.676237,-0.801111,3.000000
20.200000,11.482823,-0.907945,-0.396113,3.000000
20.250000,11.482823,-0.897562,0.271615,3.000000
20.300000,11.499021,-0.706988,0.799225,3.000000
20.350000,11.542474,-0.195779,0.919878,3.000000
20.400000,11.600809,0.490508,0.862910,3.000000
20.450000,11.633169,0.871216,0.573581,3.000000
20.500000,11.633169,0.916126,-0.027786,3.000000
20.550000,11.642675,0.804286,-0.669769,3.000000
20.600000,11.676698,0.404016,-0.907006,3.000000
20.650000,11.733292,-0.261789,-0.898632,3.000000
20.700000,11.778625,-0.795121,-0.711780,3.000000
20.750000,11.789216,-0.919721,-0.204810,3.000000
20.800000,11.789216,-0.864802,0.481869,3.000000
20.850000,11.813422,-0.580026,0.869007,3.000000
20.900000,11.864249,0.017941,0.916563,3.000000
20.950000,11.919096,0.663201,0.807399,3.000000
21.000000,11.939736,0.906027,0.411865,3.000000
21.050000,11.939736,0.899673,-0.251938,3.000000
21.100000,11.955306,0.716500,-0.790922,3.000000
21.150000,11.998036,0.213797,-0.919536,3.000000
21.200000,12.056427,-0.473158,-0.866651,3.000000
21.250000,12.089881,-0.866733,-0.586405,3.000000
21.300000,12.089881,-0.916975,0.008119,3.000000
21.350000,12.098935,-0.810451,0.656533,3.000000
21.400000,12.132152,-0.419661,0.905006,3.000000
21.450000,12.188399,0.242064,0.900685,3.000000
21.500000,12.234687,0.786628,0.721148,3.000000
21.550000,12.245966,0.919322,0.222741,3.000000
21.600000,12.245966,0.868460,-0.464378,3.000000
21.650000,12.269404,0.592717,-0.864391,3.000000
21.700000,12.319642,0.001679,-0.917364,3.000000
21.750000,12.375015,-0.649767,-0.813442,3.000000
21.800000,12.396620,-0.903943,-0.427403,3.000000
21.850000,12.396620,-0.901670,0.232168,3.000000
21.900000,12.411576,-0.725723,0.782236,3.000000
21.950000,12.453573,-0.231641,0.919080,3.000000
22.000000,12.511982,0.455530,0.870227,3.000000
22.050000,12.546530,0.861980,0.598962,3.000000
22.100000,12.551269,0.917728,0.011451,3.000000
22.150000,12.551269,0.816374,-0.642903,3.000000
22.200000,12.583678,0.435091,-0.902837,3.000000
22.250000,12.639552,-0.222255,-0.902627,3.000000
22.300000,12.686769,-0.777748,-0.730227,3.000000
22.350000,12.698760,-0.918809,-0.240495,3.000000
22.400000,12.698760,-0.871955,0.446615,3.000000
22.450000,12.721439,-0.605140,0.859499,3.000000
22.500000,12.771074,-0.021197,0.918068,3.000000
22.550000,12.826931,0.635941,0.819247,3.000000
22.600000,12.849519,0.901687,0.442723,3.000000
22.650000,12.849519,0.903557,-0.212324,3.000000
22.700000,12.863876,0.734659,-0.773160,3.000000
22.750000,12.905131,0.249305,-0.918509,3.000000
22.800000,12.963521,-0.437636,-0.873644,3.000000
22.850000,12.999162,-0.856948,-0.611249,3.000000
22.900000,13.004384,-0.918385,-0.030915,3.000000
22.950000,13.004384,-0.822063,0.628883,3.000000
23.000000,13.035984,-0.450299,0.900492,3.000000
23.050000,13.091462,0.202379,0.904459,3.000000
23.100000,13.139580,0.768474,0.739019,3.000000
23.150000,13.152305,0.918179,0.258069,3.000000
23.200000,13.152305,0.875295,-0.428594,3.000000
23.250000,13.174235,0.617290,-0.854324,3.000000
23.300000,13.223254,0.040603,-0.918676,3.000000
23.350000,13.279552,-0.621729,-0.824821,3.000000
23.400000,13.303141,-0.899252,-0.457819,3.000000
23.450000,13.303141,-0.905335,0.192423,3.000000
23.500000,13.316913,-0.743309,0.763688,3.000000
23.550000,13.357418,-0.266788,0.917818,3.000000
23.600000,13.415751,0.419491,0.876907,3.000000
23.650000,13.452483,0.851626,0.623261,3.000000
23.700000,13.458205,0.918944,0.050261,3.000000
23.750000,13.458205,0.827523,-0.614481,3.000000
23.800000,13.488995,0.465283,-0.897965,3.000000
23.850000,13.544053,-0.182456,-0.906184,3.000000
23.900000,13.593043,-0.758802,-0.747527,3.000000
23.950000,13.606526,-0.917427,-0.275460,3.000000
24.000000,13.606526,-0.878483,0.410329,3.000000
24.050000,13.627718,-0.629164,0.848852,3.000000
24.100000,13.676106,-0.059888,0.919187,3.000000
24.150000,13.732803,0.607138,0.830169,3.000000
24.200000,13.757410,0.896631,0.472689,3.000000
24.250000,13.757410,0.907007,-0.172481,3.000000
24.300000,13.770614,0.751674,-0.753816,3.000000
24.350000,13.810359,0.284086,-0.917005,3.000000
24.400000,13.868600,-0.401110,-0.880022,3.000000
24.450000,13.906416,-0.846003,-0.634997,3.000000
24.500000,13.912655,-0.919406,-0.069482,3.000000
24.550000,13.912655,-0.832761,0.599704,3.000000
24.600000,13.942637,-0.480038,0.895248,3.000000
24.650000,13.997253,0.162500,0.907804,3.000000
24.700000,14.047082,0.748728,0.755751,3.000000
24.750000,14.061347,0.916551,0.292664,3.000000
24.800000,14.061347,0.881525,-0.391835,3.000000
24.850000,14.081812,0.640759,-0.843075,3.000000
24.900000,14.129558,0.079043,-0.919600,3.000000
24.950000,14.186612,-0.592177,-0.835299,3.000000
25.000000,14.212251,-0.893815,-0.487328,3.000000
25.050000,14.212251,-0.908575,0.152516,3.000000
25.100000,14.224900,-0.759758,0.743538,3.000000
25.150000,14.263878,-0.301195,0.916065,3.000000
25.200000,14.321993,0.382507,0.882993,3.000000
25.250000,14.360886,0.840069,0.646452,3.000000
25.300000,14.367660,0.919770,0.088569,3.000000
25.350000,14.367660,0.837784,-0.584561,3.000000
25.400000,14.396834,0.494559,-0.892333,3.000000
25.450000,14.450987,-0.142531,-0.909320,3.000000
25.500000,14.501623,-0.738247,-0.763696,3.000000
25.550000,14.516693,-0.915546,-0.309679,3.000000
25.600000,14.516693,-0.884426,0.373127,3.000000
25.650000,14.536443,-0.652074,0.836982,3.000000
25.700000,14.583534,-0.098060,0.919914,3.000000
25.750000,14.640902,0.576854,0.840217,3.000000
25.800000,14.667587,0.890799,0.501731,3.000000
25.850000,14.667587,0.910040,-0.132545,3.000000
25.900000,14.679698,0.767564,-0.732853,3.000000
25.950000,14.717901,0.318114,-0.914994,3.000000
26.000000,14.775855,-0.363698,-0.885826,3.000000
26.050000,14.815815,-0.833813,-0.657625,3.000000
26.100000,14.823144,-0.920034,-0.107515,3.000000
26.150000,14.823144,-0.842598,0.569060,3.000000
26.200000,14.851513,-0.508842,0.889212,3.000000
26.250000,14.905182,0.122563,0.910735,3.000000
26.300000,14.956590,0.727357,0.771364,3.000000
26.350000,14.972489,0.914408,0.326501,3.000000
26.400000,14.972489,0.887191,-0.354221,3.000000
26.450000,14.991537,0.663104,-0.830562,3.000000
26.500000,15.037961,0.116932,-0.920128,3.000000
26.550000,15.095601,-0.561179,-0.844930,3.000000
26.600000,15.123344,-0.887572,-0.515893,3.000000
26.650000,15.123344,-0.911405,0.112584,3.000000
26.700000,15.134930,-0.775096,0.721759,3.000000
26.750000,15.172352,-0.334839,0.913788,3.000000
26.800000,15.230113,0.344698,0.888524,3.000000
26.850000,15.271128,0.827226,0.668512,3.000000
26.900000,15.279030,0.920198,0.126312,3.000000
26.950000,15.279030,0.847212,-0.553213,3.000000
27.000000,15.306598,0.522883,-0.885877,3.000000
27.050000,15.359765,-0.102612,-0.912050,3.000000
27.100000,15.411908,-0.716058,-0.778760,3.000000
27.150000,15.428660,-0.913134,-0.343127,3.000000
27.200000,15.428660,-0.889824,0.335132,3.000000
27.250000,15.447017,-0.673849,0.823805,3.000000
27.300000,15.492764,-0.135653,0.920241,3.000000
27.350000,15.550633,0.545162,0.849445,3.000000
27.400000,15.579445,0.884127,0.529811,3.000000
27.450000,15.579445,0.912670,-0.092649,3.000000
27.500000,15.590522,0.782357,-0.710255,3.000000
27.550000,15.627156,0.351366,-0.912443,3.000000
27.600000,15.684692,-0.325525,-0.891092,3.000000
27.650000,15.726748,-0.820297,-0.679114,3.000000
27.700000,15.735244,-0.920259,-0.144955,3.000000
27.750000,15.735244,-0.851630,0.537029,3.000000
27.800000,15.762015,-0.536677,0.882319,3.000000
27.850000,15.814662,0.082695,0.913266,3.000000
27.900000,15.867503,0.704349,0.785888,3.000000
27.950000,15.885129,0.911717,0.359554,3.000000
28.000000,15.885129,0.892328,-0.315878,3.000000
28.050000,15.902811,0.684306,-0.816701,3.000000
28.100000,15.947868,0.154217,-0.920251,3.000000
28.150000,16.005926,-0.528814,-0.853768,3.000000
28.200000,16.035815,-0.880454,-0.543480,3.000000
28.250000,16.035815,-0.913837,0.072754,3.000000
28.300000,16.046396,-0.789353,0.698342,3.000000
28.350000,16.082238,-0.367693,0.910954,3.000000
28.400000,16.139518,0.306194,0.893534,3.000000
28.450000,16.182598,0.813015,0.689427,3.000000
28.500000,16.191710,0.920216,0.163439,3.000000
28.550000,16.191710,0.855860,-0.520519,3.000000
28.600000,16.217689,0.550220,-0.878529,3.000000
28.650000,16.269798,-0.062826,-0.914384,3.000000
28.700000,16.323298,-0.692232,-0.792753,3.000000
28.750000,16.341821,-0.910154,-0.375780,3.000000
28.800000,16.341821,-0.894709,0.296475,3.000000
28.850000,16.358841,-0.694475,0.809240,3.000000
28.900000,16.403199,-0.172620,0.920155,3.000000
28.950000,16.461404,0.512146,0.857906,3.000000
29.000000,16.492378,0.876544,0.556895,3.000000
29.050000,16.492378,0.914906,-0.052913,3.000000
29.100000,16.502477,0.796089,-0.686021,3.000000
29.150000,16.537520,0.383815,-0.909315,3.000000
29.200000,16.594516,-0.286723,-0.895853,3.000000
29.250000,16.638601,-0.805373,-0.699451,3.000000
29.300000,16.648350,-0.920067,-0.181759,3.000000
29.350000,16.648350,-0.859908,0.503695,3.000000
29.400000,16.673544,-0.563507,0.874498,3.000000
29.450000,16.725099,0.043018,0.915404,3.000000
29.500000,16.779218,0.679708,0.799361,3.000000
29.550000,16.798660,0.908438,0.391799,3.000000
29.600000,16.798660,0.896968,-0.276941,3.000000
29.650000,16.815032,0.704355,-0.801414,3.000000
29.700000,16.858679,0.190856,-0.919952,3.000000
29.750000,16.916991,-0.495169,-0.861865,3.000000
29.800000,16.949055,-0.872389,-0.570053,3.000000
29.850000,16.949055,-0.915878,0.033142,3.000000
29.900000,16.958686,-0.802569,0.673294,3.000000
29.950000,16.992928,-0.399730,0.907521,3.000000
30.000000,17.049611,0.267129,0.898054,3.000000
30.050000,17.094680,0.797362,0.709186,3.000000
30.100000,17.105088,0.919810,0.199910,3.000000
30.150000,17.105088,0.863780,-0.486570,3.000000
30.200000,17.129504,0.576534,-0.870215,3.000000
30.250000,17.180489,-0.023285,-0.916328,3.000000
30.300000,17.235186,-0.666781,-0.805716,3.000000
30.350000,17.255568,-0.906564,-0.407609,3.000000
30.400000,17.255568,-0.899111,0.257291,3.000000
30.450000,17.271307,-0.713946,0.793215,3.000000
30.500000,17.314234,-0.208921,0.919640,3.000000
30.550000,17.372613,0.477898,0.865652,3.000000
30.600000,17.405770,0.867976,0.582949,3.000000
30.650000,17.405770,0.916754,-0.013451,3.000000
30.700000,17.414946,0.808801,-0.660167,3.000000
30.750000,17.448382,0.415434,-0.905566,3.000000
30.800000,17.504726,-0.247429,-0.900139,3.000000
30.850000,17.550757,-0.788972,-0.718633,3.000000
30.900000,17.561847,-0.919442,-0.217889,3.000000
30.950000,17.561847,-0.867483,0.469155,3.000000
31.000000,17.585492,-0.589297,0.865671,3.000000
31.050000,17.635892,0.003640,0.917156,3.000000
31.100000,17.691126,0.653454,0.811825,3.000000
31.150000,17.712467,0.904526,0.423205,3.000000
31.200000,17.712467,0.901139,-0.237545,3.000000
31.250000,17.727588,0.723247,-0.784634,3.000000
31.300000,17.769785,0.226812,-0.919215,3.000000
31.350000,17.828193,-0.460344,-0.869272,3.000000
31.400000,17.862445,-0.863298,-0.595579,3.000000
31.450000,17.867055,-0.917533,-0.006147,3.000000
31.500000,17.867055,-0.814789,0.646643,3.000000
31.550000,17.899683,-0.430922,0.903443,3.000000
31.600000,17.955661,0.227641,0.902111,3.000000
31.650000,18.002628,0.780198,0.727790,3.000000
31.700000,18.014423,0.918960,0.235692,3.000000
31.750000,18.014423,0.871022,-0.451465,3.000000
31.800000,18.037308,0.601793,-0.860855,3.000000
31.850000,18.087108,0.015907,-0.917887,3.000000
31.900000,18.142838,-0.639734,-0.817694,3.000000
31.950000,18.165157,-0.902317,-0.438584,3.000000
32.000000,18.165157,-0.903055,0.217720,3.000000
32.050000,18.179675,-0.732261,0.775664,3.000000
32.100000,18.221132,-0.244526,0.918676,3.000000
32.150000,18.279531,0.442521,0.872732,3.000000
32.200000,18.314876,0.858343,0.607939,3.000000
32.250000,18.319965,0.918216,0.025640,3.000000
32.300000,18.319965,0.820541,-0.632728,3.000000
32.350000,18.351785,0.446191,-0.901147,3.000000
32.400000,18.407373,-0.207782,-0.903972,3.000000
32.450000,18.455249,-0.771032,-0.736660,3.000000
32.500000,18.467772,-0.918362,-0.253315,3.000000
32.550000,18.467772,-0.874403,0.433513,3.000000
32.600000,18.489905,-0.614017,0.855758,3.000000
32.650000,18.539092,-0.035345,0.918521,3.000000
32.700000,18.595274,0.625626,0.823330,3.000000
32.750000,18.618590,0.899931,0.453742,3.000000
32.800000,18.618590,0.904863,-0.197832,3.000000
32.850000,18.632520,0.740988,-0.766300,3.000000
32.900000,18.673229,0.262058,-0.918018,3.000000
32.950000,18.731581,-0.424443,-0.876036,3.000000
33.000000,18.768017,-0.853100,-0.620026,3.000000
33.050000,18.773602,-0.918802,-0.045019,3.000000
33.100000,18.773602,-0.826062,0.618429,3.000000
33.150000,18.804612,-0.461236,0.898670,3.000000
33.200000,18.859786,0.187870,0.905726,3.000000
33.250000,18.908542,0.761469,0.745244,3.000000
33.300000,18.921817,0.917643,0.270756,3.000000
33.350000,18.921817,0.877632,-0.415313,3.000000
33.400000,18.943208,0.625967,-0.850368,3.000000
33.450000,18.991769,0.054663,-0.919058,3.000000
33.500000,19.048362,-0.611138,-0.828739,3.000000
33.550000,19.072691,-0.897361,-0.468674,3.000000
33.600000,19.072691,-0.906563,0.177899,3.000000
33.650000,19.086047,-0.749430,0.756537,3.000000
33.700000,19.125999,-0.279407,0.917238,3.000000
33.750000,19.184269,0.406124,0.879191,3.000000
33.800000,19.221792,0.847560,0.631837,3.000000
33.850000,19.227889,0.919290,0.064275,3.000000
33.900000,19.227889,0.831360,-0.603753,3.000000
33.950000,19.258090,0.476054,-0.896005,3.000000
34.000000,19.312827,-0.167922,-0.907374,3.000000
34.050000,19.362432,-0.751504,-0.753545,3.000000
34.100000,19.376482,-0.916801,-0.288011,3.000000
34.150000,19.376482,-0.880713,0.396879,3.000000
34.200000,19.397144,-0.637638,0.844675,3.000000
34.250000,19.445065,-0.073854,0.919498,3.000000
34.300000,19.502026,0.596276,0.833927,3.000000
34.350000,19.527384,0.894600,0.483376,3.000000
34.400000,19.527384,0.908159,-0.157939,3.000000
34.450000,19.540182,0.757591,-0.746369,3.000000
34.500000,19.579369,0.296568,-0.916333,3.000000
34.550000,19.637522,-0.387580,-0.882200,3.000000
34.600000,19.676123,-0.841712,-0.643369,3.000000
34.650000,19.682750,-0.919681,-0.083399,3.000000
34.700000,19.682750,-0.836441,0.588709,3.000000
34.750000,19.712143,-0.490639,0.893144,3.000000
34.800000,19.766424,0.147954,0.908919,3.000000
34.850000,19.816844,0.741133,0.761566,3.000000
34.900000,19.831693,0.915832,0.305077,3.000000
34.950000,19.831693,0.883652,-0.378228,3.000000
35.000000,19.851636,0.649029,-0.838669,3.000000
35.050000,19.898906,0.092910,-0.919839,3.000000
35.100000,19.956193,-0.581051,-0.838902,3.000000
35.150000,19.982593,-0.891638,-0.497843,3.000000
35.200000,19.982593,-0.909652,0.137968,3.000000
35.250000,19.994848,-0.765472,0.735795,3.000000
35.300000,20.033263,-0.313538,0.915298,3.000000
35.350000,20.091264,0.368825,0.885070,3.000000
35.400000,20.130935,0.835545,0.654619,3.000000
35.450000,20.138111,0.919972,0.102384,3.000000
35.500000,20.138111,0.841311,-0.573304,3.000000
35.550000,20.166699,0.504987,-0.890080,3.000000
35.600000,20.220501,-0.127984,-0.910361,3.000000
35.650000,20.271703,-0.730355,-0.769309,3.000000
35.700000,20.287375,-0.914731,-0.321952,3.000000
35.750000,20.287375,-0.886454,0.359374,3.000000
35.800000,20.306612,-0.660137,0.832338,3.000000
35.850000,20.353218,-0.111822,0.920080,3.000000
35.900000,20.410788,0.565470,0.843670,3.000000
35.950000,20.438243,0.888470,0.512071,3.000000
36.000000,20.438243,0.911044,-0.118003,3.000000
36.050000,20.449970,0.773078,-0.724812,3.000000
36.100000,20.487605,0.330316,-0.914129,3.000000
36.150000,20.545421,-0.349876,-0.887804,3.000000
36.200000,20.586151,-0.829048,-0.665584,3.000000
36.250000,20.593896,-0.920163,-0.121222,3.000000